Staten Island Studio,40.56853,-74.11843,40
